[{"name":"Diana","age":19,"male":false,"scores":[95,94,97]},
{"name":"Anna","age":18,"male":false,"scores":[85,87,85]},
{"name":"Julie","age":21,"male":false,"scores":[85,89,91]},
{"name":"Richard","age":24,"male":true,"scores":[88,92,91]},
{"name":"Kelly","age":17,"male":false,"scores":[88,90,92]},
{"name":"Dylon","age":20,"male":true,"scores":[80,78,86]},
{"name":"Howard","age":28,"male":true,"scores":[95,98,96]},
{"name":"Deah","age":22,"male":false,"scores":[85,87,88]},
{"name":"Will","age":23,"male":true,"scores":[75,79,84]},
{"name":"Monica","age":25,"male":false,"scores":[89,85,91]}]
